lien,detail
photo/costume.png,"Costume bleu clair pour homme, coupe moderne et élégante. Parfait pour les cérémonies, les entretiens ou les soirées où il faut marquer les esprits. Tissu respirant, finitions soignées et silhouette ajustée pour un look à la fois professionnel et raffiné."
photo/baryon.jpg,"Figurine Naruto mode Baryon, finition premium et détails sculptés. Idéale pour les collectionneurs et fans de la série : couleurs vives, socle décoratif et packaging collector. Offrez-vous une pièce du 7e Hokage du village de Konoha qui attire tous les regards sur votre étagère."
photo/bonheur.png,"Affiche 'Le bonheur' avec smiley souriant 😊. Design minimaliste et positif, parfaite pour décorer un bureau ou une chambre. Produit offert gratuitement sur le site, idéal diffuser de la bonne humeur :)"
photo/ssj3.jpg,"Figurine Goku en SSJ3 avec dragon, pose dynamique et peinture détaillée. Pièce de collection pour amateurs d'anime : articulation limitée, socle inclus, rendu spectaculaire sous lumière directe. Un must pour les vitrines qui veulent du caractère, offrez-vous une pièce du plus grand Héro de la japanimation qui attirera les regards de vos amis."
photo/gtavi.png,"Jeu GTAVI en cassette PS5 : expérience de course ultime, graphismes immersifs et bande-son percutante. Edition physique collector pour les nostalgiques des cassettes, avec jaquette exclusive et contenu bonus pour les pilotes en quête de sensations fortes."
photo/pc-gamer.jpg,"PC Gamer hautes performances, conçu pour le jeu intensif et le streaming. Processeur récent, GPU puissant, refroidissement optimisé et RGB personnalisable. Monté et testé pour offrir fluidité et réactivité sur les titres les plus exigeants."
photo/ps5_pro.jpg,"En attendant l'arriver de la PS6 (possiblement en 2028), nous proposons notre PS5 Pro édition améliorée : puissance graphique accrue, temps de chargement réduits et expérience immersive renforcée. Design élégant, manette ergonomique et compatibilité totale avec la bibliothèque PS5. Pour les joueurs qui veulent le meilleur du salon."
photo/voiture_sport.jpg,"Passionnés des voitures, vous avez la vitesse dans le sang et un goût très prononcé pour les bonnes choses, nous avons ce qu'il vous faut! Avec nos voitures, réalisez vos rêves les plus fous : produit digne de vous pour repousser les limites de l'extrême."
photo/imposteur.jpg,"Jeu 'Imposteur' : démasquez l'intrus parmi vous ! Suspense, bluff et rires garantis. Parfait pour soirées entre amis ou sessions compétitives, règles simples et parties rapides. À moins que ce ne soit vous l'imposteur…"
photo/haltere.jpg,"Haltère ergonomique pour entraînements à domicile : prise antidérapante, revêtement durable et poids adapté aux séances de renforcement. Idéal pour développer force et endurance, s'intègre facilement dans tout programme sportif."
photo/ballon-de-basket-ball.jpg,"Vous vous sentez comme le prochain Michael Jordan ? Vous avez ce petit quelque chose en vous qui vous procure du plaisir à chaque fois que vous tenez cette balle orange ? Avec notre ballon de basket 100% matière recyclée, testé en laboratoire et sur les plus grands terrains, libérez votre plein potentiel : dunk, dribble, shoot — plus rien ne vous arrêtera!"
photo/voiture_lego.jpg,"Voiture LEGO miniature, assemblage créatif et pièces colorées. Parfaite pour enfants et collectionneurs : design modulable, instructions incluses et compatibilité avec autres sets. Stimule l'imagination et offre des heures de construction."
photo/cable_hdmi.jpg,"Câble HDMI haute vitesse pour transmission 4K/60Hz, connecteurs plaqués or et gaine résistante. Idéal pour relier console, PC ou TV sans perte de signal. Longueur pratique et compatibilité universelle pour une installation sans prise de tête."
