nom,langue
Olivia Brown,EN
Olivia Johnson,EN
Michael Taylor,EN
Emma Martin,EN
Jojo Moreau,FR
Claire Girard,FR
Jessica Jackson,EN
Emma Thomas,EN
Emily Brown,EN
Luc Roux,FR
Marie Blanc,FR
Jean Moreau,FR
Jean Blanc,FR
Marie Dupont,FR
Claire Moreau,FR
Sophie Girard,FR
James White,EN
Claire Garnier,FR
Robert Johnson,EN
Robert Harris,EN
Olivia Harris,EN
Marie Lefevre,FR
Emma Thomas,EN
Sarah Harris,EN
Claire Garnier,FR
Adel Lefevre,FR
Robert Anderson,EN
Sarah White,EN
James Jackson,EN
Sophie Roux,FR
Sophie Marchand,FR
Olivia Jackson,EN
Claire Lefevre,FR
John Taylor,EN
Antoine Dupont,FR
Michael Thomas,EN
Emma Smith,EN
Jean Lemoine,FR
Antoine Lemoine,FR
Jean Garnier,FR
Emma Jackson,EN
Emma White,EN
Robert Thomas,EN
Alodie Dupont,FR
Pierre Moreau,FR
Robert Smith,EN
Jessica Thomas,EN
Emily Taylor,EN
Camille Marchand,FR
Olivia Taylor,EN
Emily White,EN
Emily White,EN
Jessica Martin,EN
Emily Harris,EN
Michael Thomas,EN
Julien Marchand,FR
Alodie Lefevre,FR
Jessica White,EN
Sophie Fontaine,FR
James Thomas,EN
John Johnson,EN
Jean Dupont,FR
Camille Garnier,FR
Alodie Moreau,FR
Emma Brown,EN
Camille Moreau,FR
Alodie Roux,FR
David White,EN
Sophie Garnier,FR
Claire Fontaine,FR
Marie Marchand,FR
Jessica Harris,EN
Antoine Roux,FR
Robert Martin,EN
Luc Blanc,FR
Sophie Dupont,FR
Sarah Taylor,EN
Sarah White,EN
Jean Lemoine,FR
John Martin,EN
Luc Marchand,FR
David Anderson,EN
Pierre Girard,FR
Olivia Taylor,EN
John White,EN
Marie Lefevre,FR
Olivia Anderson,EN
Emily Jackson,EN
Antoine Lefevre,FR
John Smith,EN
Robert Anderson,EN
Jean Marchand,FR
Luc Lemoine,FR
Alodie Fontaine,FR
Antoine Dupont,FR
Sarah Harris,EN
Jean Dupont,FR
Claire Roux,FR
Marie Roux,FR
Robert Jackson,EN
